Customer ID,recency,frequency,monetary,R_score,F_score,M_score,RFM_score,RFM_total,segmento
CUST001,39,1,150,5,1,3,513,9,Cliente nuevo
CUST002,309,1,1000,1,1,4,114,6,Perdido
CUST003,354,1,30,1,1,1,111,3,Perdido
CUST004,226,1,500,2,1,4,214,7,Perdido
CUST005,241,1,100,2,1,2,212,5,Perdido
CUST006,252,1,30,2,1,1,211,4,Perdido
CUST007,295,1,50,1,1,1,111,3,Perdido
CUST008,314,1,100,1,1,2,112,4,Perdido
CUST009,20,1,600,5,1,4,514,10,Cliente nuevo
CUST010,87,1,200,4,1,3,413,8,Cliente nuevo
CUST011,322,1,100,1,1,2,112,4,Perdido
CUST012,64,1,75,5,1,2,512,8,Cliente nuevo
CUST013,150,1,1500,3,1,5,315,9,Potencial
CUST014,350,1,120,1,1,3,113,5,Perdido
CUST015,351,1,2000,1,1,5,115,7,Perdido
CUST016,319,1,1500,1,1,5,115,7,Perdido
CUST017,255,1,100,2,1,2,212,5,Perdido
CUST018,247,1,50,2,1,1,211,4,Perdido
CUST019,108,1,50,4,1,1,411,6,Cliente nuevo
CUST020,58,1,900,5,1,4,514,10,Cliente nuevo
CUST021,353,1,500,1,1,4,114,6,Perdido
CUST022,79,1,100,4,1,2,412,7,Cliente nuevo
CUST023,265,1,120,2,1,3,213,6,Perdido
CUST024,34,1,300,5,1,4,514,10,Cliente nuevo
CUST025,7,1,50,5,1,1,511,7,Cliente nuevo
CUST026,87,1,1000,4,1,4,414,9,Cliente nuevo
CUST027,152,1,50,3,1,1,311,5,Potencial
CUST028,254,1,500,2,1,4,214,7,Perdido
CUST029,137,1,30,4,1,1,411,6,Cliente nuevo
CUST030,65,1,900,5,1,4,514,10,Cliente nuevo
CUST031,224,1,1200,3,1,5,315,9,Potencial
CUST032,363,1,90,1,1,2,112,4,Perdido
CUST033,285,1,100,2,1,2,212,5,Perdido
CUST034,9,1,150,5,1,3,513,9,Cliente nuevo
CUST035,150,1,900,3,1,4,314,8,Potencial
CUST036,192,1,900,3,1,4,314,8,Potencial
CUST037,224,1,75,3,1,2,312,6,Potencial
CUST038,287,1,200,2,1,3,213,6,Perdido
CUST039,256,1,120,2,1,3,213,6,Perdido
CUST040,194,1,50,3,1,1,311,5,Potencial
CUST041,314,1,50,1,1,1,111,3,Perdido
CUST042,319,1,900,1,1,4,114,6,Perdido
CUST043,172,1,300,3,1,4,314,8,Potencial
CUST044,317,1,25,1,1,1,111,3,Perdido
CUST045,183,1,30,3,1,1,311,5,Potencial
CUST046,190,1,1200,3,1,5,315,9,Potencial
CUST047,57,1,1500,5,1,5,515,11,Cliente nuevo
CUST048,231,1,900,2,1,4,214,7,Perdido
CUST049,344,1,1000,1,1,4,114,6,Perdido
CUST050,131,1,75,4,1,2,412,7,Cliente nuevo
CUST051,92,1,75,4,1,2,412,7,Cliente nuevo
CUST052,303,1,300,1,1,4,114,6,Perdido
CUST053,173,1,100,3,1,2,312,6,Potencial
CUST054,326,1,1500,1,1,5,115,7,Perdido
CUST055,84,1,120,4,1,3,413,8,Cliente nuevo
CUST056,216,1,900,3,1,4,314,8,Potencial
CUST057,45,1,30,5,1,1,511,7,Cliente nuevo
CUST058,50,1,1200,5,1,5,515,11,Cliente nuevo
CUST059,181,1,50,3,1,1,311,5,Potencial
CUST060,71,1,150,5,1,3,513,9,Cliente nuevo
CUST061,268,1,200,2,1,3,213,6,Perdido
CUST062,6,1,100,5,1,2,512,8,Cliente nuevo
CUST063,331,1,50,1,1,1,111,3,Perdido
CUST064,343,1,100,1,1,2,112,4,Perdido
CUST065,28,1,2000,5,1,5,515,11,Cliente nuevo
CUST066,250,1,30,2,1,1,211,4,Perdido
CUST067,218,1,1200,3,1,5,315,9,Potencial
CUST068,326,1,300,1,1,4,114,6,Perdido
CUST069,247,1,75,2,1,2,212,5,Perdido
CUST070,315,1,300,1,1,4,114,6,Perdido
CUST071,172,1,100,3,1,2,312,6,Potencial
CUST072,224,1,2000,3,1,5,315,9,Potencial
CUST073,134,1,90,4,1,2,412,7,Cliente nuevo
CUST074,41,1,2000,5,1,5,515,11,Cliente nuevo
CUST075,180,1,200,3,1,3,313,7,Potencial
CUST076,283,1,100,2,1,2,212,5,Perdido
CUST077,177,1,100,3,1,2,312,6,Potencial
CUST078,185,1,1500,3,1,5,315,9,Potencial
CUST079,259,1,300,2,1,4,214,7,Perdido
CUST080,23,1,60,5,1,2,512,8,Cliente nuevo
CUST081,230,1,50,2,1,1,211,4,Perdido
CUST082,7,1,200,5,1,3,513,9,Cliente nuevo
CUST083,17,1,100,5,1,2,512,8,Cliente nuevo
CUST084,35,1,90,5,1,2,512,8,Cliente nuevo
CUST085,330,1,150,1,1,3,113,5,Perdido
CUST086,55,1,90,5,1,2,512,8,Cliente nuevo
CUST087,41,1,100,5,1,2,512,8,Cliente nuevo
CUST088,279,1,500,2,1,4,214,7,Perdido
CUST089,93,1,2000,4,1,5,415,10,Cliente nuevo
CUST090,241,1,30,2,1,1,211,4,Perdido
CUST091,283,1,500,2,1,4,214,7,Perdido
CUST092,130,1,120,4,1,3,413,8,Cliente nuevo
CUST093,172,1,2000,3,1,5,315,9,Potencial
CUST094,228,1,1000,2,1,4,214,7,Perdido
CUST095,39,1,60,5,1,2,512,8,Cliente nuevo
CUST096,14,1,600,5,1,4,514,10,Cliente nuevo
CUST097,81,1,1000,4,1,4,414,9,Cliente nuevo
CUST098,254,1,100,2,1,2,212,5,Perdido
CUST099,16,1,1200,5,1,5,515,11,Cliente nuevo
CUST100,200,1,30,3,1,1,311,5,Potencial
CUST1000,265,1,120,2,1,3,213,6,Perdido
CUST101,338,1,600,1,1,4,114,6,Perdido
CUST102,249,1,50,2,1,1,211,4,Perdido
CUST103,350,1,25,1,1,1,111,3,Perdido
CUST104,205,1,1000,3,1,4,314,8,Potencial
CUST105,161,1,500,3,1,4,314,8,Potencial
CUST106,229,1,50,2,1,1,211,4,Perdido
CUST107,333,1,1200,1,1,5,115,7,Perdido
CUST108,258,1,75,2,1,2,212,5,Perdido
CUST109,76,1,2000,4,1,5,415,10,Cliente nuevo
CUST110,205,1,900,3,1,4,314,8,Potencial
CUST111,258,1,1500,2,1,5,215,8,Perdido
CUST112,31,1,1500,5,1,5,515,11,Cliente nuevo
CUST113,111,1,50,4,1,1,411,6,Cliente nuevo
CUST114,164,1,100,3,1,2,312,6,Potencial
CUST115,37,1,1500,5,1,5,515,11,Cliente nuevo
CUST116,132,1,30,4,1,1,411,6,Cliente nuevo
CUST117,293,1,1000,1,1,4,114,6,Perdido
CUST118,231,1,2000,2,1,5,215,8,Perdido
CUST119,295,1,150,1,1,3,113,5,Perdido
CUST120,240,1,50,2,1,1,211,4,Perdido
CUST121,79,1,200,4,1,3,413,8,Cliente nuevo
CUST122,91,1,120,4,1,3,413,8,Cliente nuevo
CUST123,232,1,60,2,1,2,212,5,Perdido
CUST124,67,1,2000,5,1,5,515,11,Cliente nuevo
CUST125,147,1,100,4,1,2,412,7,Cliente nuevo
CUST126,68,1,90,5,1,2,512,8,Cliente nuevo
CUST127,162,1,50,3,1,1,311,5,Potencial
CUST128,181,1,500,3,1,4,314,8,Potencial
CUST129,254,1,600,2,1,4,214,7,Perdido
CUST130,296,1,500,1,1,4,114,6,Perdido
CUST131,106,1,600,4,1,4,414,9,Cliente nuevo
CUST132,114,1,200,4,1,3,413,8,Cliente nuevo
CUST133,320,1,900,1,1,4,114,6,Perdido
CUST134,342,1,50,1,1,1,111,3,Perdido
CUST135,310,1,50,1,1,1,111,3,Perdido
CUST136,288,1,600,2,1,4,214,7,Perdido
CUST137,45,1,1000,5,1,4,514,10,Cliente nuevo
CUST138,285,1,200,2,1,3,213,6,Perdido
CUST139,18,1,2000,5,1,5,515,11,Cliente nuevo
CUST140,150,1,30,3,1,1,311,5,Potencial
CUST141,61,1,50,5,1,1,511,7,Cliente nuevo
CUST142,334,1,1200,1,1,5,115,7,Perdido
CUST143,169,1,50,3,1,1,311,5,Potencial
CUST144,171,1,1500,3,1,5,315,9,Potencial
CUST145,61,1,75,5,1,2,512,8,Cliente nuevo
CUST146,127,1,200,4,1,3,413,8,Cliente nuevo
CUST147,96,1,300,4,1,4,414,9,Cliente nuevo
CUST148,238,1,60,2,1,2,212,5,Perdido
CUST149,83,1,75,4,1,2,412,7,Cliente nuevo
CUST150,361,1,120,1,1,3,113,5,Perdido
CUST151,18,1,50,5,1,1,511,7,Cliente nuevo
CUST152,308,1,2000,1,1,5,115,7,Perdido
CUST153,17,1,1000,5,1,4,514,10,Cliente nuevo
CUST154,92,1,900,4,1,4,414,9,Cliente nuevo
CUST155,230,1,2000,2,1,5,215,8,Perdido
CUST156,38,1,100,5,1,2,512,8,Cliente nuevo
CUST157,192,1,2000,3,1,5,315,9,Potencial
CUST158,309,1,600,1,1,4,114,6,Perdido
CUST159,216,1,200,3,1,3,313,7,Potencial
CUST160,144,1,100,4,1,2,412,7,Cliente nuevo
CUST161,286,1,1000,2,1,4,214,7,Perdido
CUST162,134,1,60,4,1,2,412,7,Cliente nuevo
CUST163,365,1,150,1,1,3,113,5,Perdido
CUST164,232,1,1500,2,1,5,215,8,Perdido
CUST165,110,1,1200,4,1,5,415,10,Cliente nuevo
CUST166,275,1,2000,2,1,5,215,8,Perdido
CUST167,107,1,150,4,1,3,413,8,Cliente nuevo
CUST168,312,1,300,1,1,4,114,6,Perdido
CUST169,46,1,1500,5,1,5,515,11,Cliente nuevo
CUST170,214,1,50,3,1,1,311,5,Potencial
CUST171,39,1,900,5,1,4,514,10,Cliente nuevo
CUST172,107,1,50,4,1,1,411,6,Cliente nuevo
CUST173,55,1,120,5,1,3,513,9,Cliente nuevo
CUST174,265,1,300,2,1,4,214,7,Perdido
CUST175,288,1,100,2,1,2,212,5,Perdido
CUST176,175,1,100,3,1,2,312,6,Potencial
CUST177,284,1,100,2,1,2,212,5,Perdido
CUST178,90,1,60,4,1,2,412,7,Cliente nuevo
CUST179,95,1,300,4,1,4,414,9,Cliente nuevo
CUST180,366,1,900,1,1,4,114,6,Perdido
CUST181,60,1,1200,5,1,5,515,11,Cliente nuevo
CUST182,201,1,120,3,1,3,313,7,Potencial
CUST183,116,1,900,4,1,4,414,9,Cliente nuevo
CUST184,357,1,200,1,1,3,113,5,Perdido
CUST185,309,1,25,1,1,1,111,3,Perdido
CUST186,181,1,200,3,1,3,313,7,Potencial
CUST187,209,1,100,3,1,2,312,6,Potencial
CUST188,244,1,75,2,1,2,212,5,Perdido
CUST189,337,1,50,1,1,1,111,3,Perdido
CUST190,243,1,90,2,1,2,212,5,Perdido
CUST191,76,1,25,4,1,1,411,6,Cliente nuevo
CUST192,326,1,100,1,1,2,112,4,Perdido
CUST193,323,1,1500,1,1,5,115,7,Perdido
CUST194,118,1,200,4,1,3,413,8,Cliente nuevo
CUST195,331,1,30,1,1,1,111,3,Perdido
CUST196,94,1,900,4,1,4,414,9,Cliente nuevo
CUST197,302,1,200,1,1,3,113,5,Perdido
CUST198,301,1,900,1,1,4,114,6,Perdido
CUST199,29,1,1500,5,1,5,515,11,Cliente nuevo
CUST200,123,1,150,4,2,3,423,9,Cliente nuevo
CUST201,85,1,25,4,2,1,421,7,Cliente nuevo
CUST202,282,1,1200,2,2,5,225,9,Perdido
CUST203,231,1,1000,2,2,4,224,8,Perdido
CUST204,96,1,25,4,2,1,421,7,Cliente nuevo
CUST205,56,1,25,5,2,1,521,8,Cliente nuevo
CUST206,150,1,25,3,2,1,321,6,Potencial
CUST207,258,1,50,2,2,1,221,5,Perdido
CUST208,90,1,200,4,2,3,423,9,Cliente nuevo
CUST209,13,1,200,5,2,3,523,10,Cliente nuevo
CUST210,264,1,200,2,2,3,223,7,Perdido
CUST211,1,1,1500,5,2,5,525,12,Cliente nuevo
CUST212,207,1,1500,3,2,5,325,10,Potencial
CUST213,162,1,1500,3,2,5,325,10,Potencial
CUST214,23,1,60,5,2,2,522,9,Cliente nuevo
CUST215,34,1,1500,5,2,5,525,12,Cliente nuevo
CUST216,175,1,100,3,2,2,322,7,Potencial
CUST217,142,1,200,4,2,3,423,9,Cliente nuevo
CUST218,102,1,90,4,2,2,422,8,Cliente nuevo
CUST219,135,1,90,4,2,2,422,8,Cliente nuevo
CUST220,305,1,500,1,2,4,124,7,Perdido
CUST221,240,1,600,2,2,4,224,8,Perdido
CUST222,251,1,120,2,2,3,223,7,Perdido
CUST223,334,1,25,1,2,1,121,4,Perdido
CUST224,193,1,50,3,2,1,321,6,Potencial
CUST225,356,1,100,1,2,2,122,5,Perdido
CUST226,65,1,50,5,2,1,521,8,Cliente nuevo
CUST227,83,1,100,4,2,2,422,8,Cliente nuevo
CUST228,249,1,60,2,2,2,222,6,Perdido
CUST229,65,1,90,5,2,2,522,9,Cliente nuevo
CUST230,254,1,25,2,2,1,221,5,Perdido
CUST231,363,1,150,1,2,3,123,6,Perdido
CUST232,330,1,25,1,2,1,121,4,Perdido
CUST233,4,1,600,5,2,4,524,11,Cliente nuevo
CUST234,43,1,50,5,2,1,521,8,Cliente nuevo
CUST235,336,1,1000,1,2,4,124,7,Perdido
CUST236,249,1,25,2,2,1,221,5,Perdido
CUST237,332,1,1000,1,2,4,124,7,Perdido
CUST238,350,1,500,1,2,4,124,7,Perdido
CUST239,197,1,1500,3,2,5,325,10,Potencial
CUST240,330,1,300,1,2,4,124,7,Perdido
CUST241,103,1,75,4,2,2,422,8,Cliente nuevo
CUST242,245,1,25,2,2,1,221,5,Perdido
CUST243,224,1,900,3,2,4,324,9,Potencial
CUST244,24,1,100,5,2,2,522,9,Cliente nuevo
CUST245,118,1,90,4,2,2,422,8,Cliente nuevo
CUST246,257,1,50,2,2,1,221,5,Perdido
CUST247,90,1,60,4,2,2,422,8,Cliente nuevo
CUST248,299,1,900,1,2,4,124,7,Perdido
CUST249,74,1,50,4,2,1,421,7,Cliente nuevo
CUST250,71,1,50,5,2,1,521,8,Cliente nuevo
CUST251,124,1,200,4,2,3,423,9,Cliente nuevo
CUST252,242,1,300,2,2,4,224,8,Perdido
CUST253,124,1,2000,4,2,5,425,11,Cliente nuevo
CUST254,158,1,500,3,2,4,324,9,Potencial
CUST255,269,1,30,2,2,1,221,5,Perdido
CUST256,318,1,1000,1,2,4,124,7,Perdido
CUST257,317,1,2000,1,2,5,125,8,Perdido
CUST258,29,1,50,5,2,1,521,8,Cliente nuevo
CUST259,146,1,200,4,2,3,423,9,Cliente nuevo
CUST260,185,1,60,3,2,2,322,7,Potencial
CUST261,150,1,50,3,2,1,321,6,Potencial
CUST262,156,1,120,3,2,3,323,8,Potencial
CUST263,127,1,60,4,2,2,422,8,Cliente nuevo
CUST264,339,1,900,1,2,4,124,7,Perdido
CUST265,22,1,900,5,2,4,524,11,Cliente nuevo
CUST266,32,1,60,5,2,2,522,9,Cliente nuevo
CUST267,36,1,90,5,2,2,522,9,Cliente nuevo
CUST268,316,1,30,1,2,1,121,4,Perdido
CUST269,335,1,2000,1,2,5,125,8,Perdido
CUST270,160,1,300,3,2,4,324,9,Potencial
CUST271,193,1,120,3,2,3,323,8,Potencial
CUST272,311,1,100,1,2,2,122,5,Perdido
CUST273,239,1,50,2,2,1,221,5,Perdido
CUST274,268,1,1000,2,2,4,224,8,Perdido
CUST275,269,1,1000,2,2,4,224,8,Perdido
CUST276,92,1,100,4,2,2,422,8,Cliente nuevo
CUST277,137,1,100,4,2,2,422,8,Cliente nuevo
CUST278,295,1,100,1,2,2,122,5,Perdido
CUST279,150,1,500,3,2,4,324,9,Potencial
CUST280,273,1,1500,2,2,5,225,9,Perdido
CUST281,224,1,2000,3,2,5,325,10,Potencial
CUST282,130,1,200,4,2,3,423,9,Cliente nuevo
CUST283,239,1,500,2,2,4,224,8,Perdido
CUST284,328,1,200,1,2,3,123,6,Perdido
CUST285,140,1,25,4,2,1,421,7,Cliente nuevo
CUST286,85,1,50,4,2,1,421,7,Cliente nuevo
CUST287,316,1,100,1,2,2,122,5,Perdido
CUST288,341,1,120,1,2,3,123,6,Perdido
CUST289,33,1,60,5,2,2,522,9,Cliente nuevo
CUST290,90,1,600,4,2,4,424,10,Cliente nuevo
CUST291,359,1,600,1,2,4,124,7,Perdido
CUST292,319,1,1200,1,2,5,125,8,Perdido
CUST293,245,1,90,2,2,2,222,6,Perdido
CUST294,281,1,90,2,2,2,222,6,Perdido
CUST295,158,1,900,3,2,4,324,9,Potencial
CUST296,118,1,1200,4,2,5,425,11,Cliente nuevo
CUST297,120,1,1000,4,2,4,424,10,Cliente nuevo
CUST298,257,1,1200,2,2,5,225,9,Perdido
CUST299,161,1,1000,3,2,4,324,9,Potencial
CUST300,336,1,200,1,2,3,123,6,Perdido
CUST301,282,1,120,2,2,3,223,7,Perdido
CUST302,172,1,600,3,2,4,324,9,Potencial
CUST303,365,1,90,1,2,2,122,5,Perdido
CUST304,167,1,60,3,2,2,322,7,Potencial
CUST305,231,1,30,2,2,1,221,5,Perdido
CUST306,134,1,50,4,2,1,421,7,Cliente nuevo
CUST307,220,1,50,3,2,1,321,6,Potencial
CUST308,150,1,1200,3,2,5,325,10,Potencial
CUST309,10,1,25,5,2,1,521,8,Cliente nuevo
CUST310,82,1,25,4,2,1,421,7,Cliente nuevo
CUST311,28,1,100,5,2,2,522,9,Cliente nuevo
CUST312,117,1,120,4,2,3,423,9,Cliente nuevo
CUST313,287,1,1500,2,2,5,225,9,Perdido
CUST314,269,1,120,2,2,3,223,7,Perdido
CUST315,215,1,60,3,2,2,322,7,Potencial
CUST316,255,1,50,2,2,1,221,5,Perdido
CUST317,337,1,90,1,2,2,122,5,Perdido
CUST318,70,1,25,5,2,1,521,8,Cliente nuevo
CUST319,89,1,500,4,2,4,424,10,Cliente nuevo
CUST320,335,1,1200,1,2,5,125,8,Perdido
CUST321,206,1,50,3,2,1,321,6,Potencial
CUST322,337,1,500,1,2,4,124,7,Perdido
CUST323,341,1,900,1,2,4,124,7,Perdido
CUST324,67,1,150,5,2,3,523,10,Cliente nuevo
CUST325,122,1,50,4,2,1,421,7,Cliente nuevo
CUST326,109,1,75,4,2,2,422,8,Cliente nuevo
CUST327,95,1,150,4,2,3,423,9,Cliente nuevo
CUST328,286,1,100,2,2,2,222,6,Perdido
CUST329,337,1,100,1,2,2,122,5,Perdido
CUST330,106,1,200,4,2,3,423,9,Cliente nuevo
CUST331,325,1,90,1,2,2,122,5,Perdido
CUST332,271,1,1200,2,2,5,225,9,Perdido
CUST333,331,1,1200,1,2,5,125,8,Perdido
CUST334,62,1,900,5,2,4,524,11,Cliente nuevo
CUST335,332,1,120,1,2,3,123,6,Perdido
CUST336,21,1,150,5,2,3,523,10,Cliente nuevo
CUST337,246,1,500,2,2,4,224,8,Perdido
CUST338,160,1,100,3,2,2,322,7,Potencial
CUST339,305,1,50,1,2,1,121,4,Perdido
CUST340,75,1,1200,4,2,5,425,11,Cliente nuevo
CUST341,240,1,200,2,2,3,223,7,Perdido
CUST342,70,1,2000,5,2,5,525,12,Cliente nuevo
CUST343,62,1,50,5,2,1,521,8,Cliente nuevo
CUST344,346,1,30,1,2,1,121,4,Perdido
CUST345,49,1,30,5,2,1,521,8,Cliente nuevo
CUST346,325,1,1000,1,2,4,124,7,Perdido
CUST347,152,1,25,3,2,1,321,6,Potencial
CUST348,30,1,600,5,2,4,524,11,Cliente nuevo
CUST349,68,1,50,5,2,1,521,8,Cliente nuevo
CUST350,77,1,75,4,2,2,422,8,Cliente nuevo
CUST351,99,1,90,4,2,2,422,8,Cliente nuevo
CUST352,205,1,1000,3,2,4,324,9,Potencial
CUST353,233,1,500,2,2,4,224,8,Perdido
CUST354,262,1,200,2,2,3,223,7,Perdido
CUST355,24,1,500,5,2,4,524,11,Cliente nuevo
CUST356,206,1,1500,3,2,5,325,10,Potencial
CUST357,244,1,75,2,2,2,222,6,Perdido
CUST358,231,1,300,2,2,4,224,8,Perdido
CUST359,164,1,50,3,2,1,321,6,Potencial
CUST360,299,1,100,1,2,2,122,5,Perdido
CUST361,23,1,1200,5,2,5,525,12,Cliente nuevo
CUST362,36,1,25,5,2,1,521,8,Cliente nuevo
CUST363,213,1,25,3,2,1,321,6,Potencial
CUST364,132,1,500,4,2,4,424,10,Cliente nuevo
CUST365,205,1,300,3,2,4,324,9,Potencial
CUST366,329,1,100,1,2,2,122,5,Perdido
CUST367,362,1,50,1,2,1,121,4,Perdido
CUST368,132,1,1200,4,2,5,425,11,Cliente nuevo
CUST369,48,1,1500,5,2,5,525,12,Cliente nuevo
CUST370,78,1,60,4,2,2,422,8,Cliente nuevo
CUST371,315,1,25,1,2,1,121,4,Perdido
CUST372,329,1,1500,1,2,5,125,8,Perdido
CUST373,91,1,600,4,2,4,424,10,Cliente nuevo
CUST374,257,1,75,2,2,2,222,6,Perdido
CUST375,107,1,50,4,2,1,421,7,Cliente nuevo
CUST376,231,1,30,2,2,1,221,5,Perdido
CUST377,299,1,200,1,2,3,123,6,Perdido
CUST378,188,1,300,3,2,4,324,9,Potencial
CUST379,331,1,25,1,2,1,121,4,Perdido
CUST380,241,1,600,2,2,4,224,8,Perdido
CUST381,177,1,100,3,2,2,322,7,Potencial
CUST382,221,1,1000,3,2,4,324,9,Potencial
CUST383,286,1,90,2,2,2,222,6,Perdido
CUST384,142,1,500,4,2,4,424,10,Cliente nuevo
CUST385,88,1,1500,4,2,5,425,11,Cliente nuevo
CUST386,6,1,600,5,2,4,524,11,Cliente nuevo
CUST387,212,1,30,3,2,1,321,6,Potencial
CUST388,53,1,25,5,2,1,521,8,Cliente nuevo
CUST389,32,1,50,5,2,1,521,8,Cliente nuevo
CUST390,96,1,100,4,2,2,422,8,Cliente nuevo
CUST391,362,1,50,1,2,1,121,4,Perdido
CUST392,25,1,600,5,2,4,524,11,Cliente nuevo
CUST393,83,1,1000,4,2,4,424,10,Cliente nuevo
CUST394,213,1,500,3,2,4,324,9,Potencial
CUST395,27,1,1000,5,2,4,524,11,Cliente nuevo
CUST396,313,1,30,1,2,1,121,4,Perdido
CUST397,298,1,25,1,2,1,121,4,Perdido
CUST398,231,1,600,2,2,4,224,8,Perdido
CUST399,307,1,60,1,2,2,122,5,Perdido
CUST400,312,1,200,1,3,3,133,7,En riesgo
CUST401,83,1,300,4,3,4,434,11,Cliente leal
CUST402,287,1,600,2,3,4,234,9,En riesgo
CUST403,227,1,600,2,3,4,234,9,En riesgo
CUST404,222,1,1000,3,3,4,334,10,Cliente leal
CUST405,57,1,1200,5,3,5,535,13,Cliente leal
CUST406,259,1,100,2,3,2,232,7,En riesgo
CUST407,191,1,900,3,3,4,334,10,Cliente leal
CUST408,262,1,500,2,3,4,234,9,En riesgo
CUST409,15,1,900,5,3,4,534,12,Cliente leal
CUST410,42,1,100,5,3,2,532,10,Cliente leal
CUST411,231,1,200,2,3,3,233,8,En riesgo
CUST412,108,1,2000,4,3,5,435,12,Cliente leal
CUST413,116,1,75,4,3,2,432,9,Cliente leal
CUST414,238,1,100,2,3,2,232,7,En riesgo
CUST415,340,1,60,1,3,2,132,6,En riesgo
CUST416,319,1,2000,1,3,5,135,9,En riesgo
CUST417,42,1,900,5,3,4,534,12,Cliente leal
CUST418,150,1,1000,3,3,4,334,10,Cliente leal
CUST419,225,1,90,2,3,2,232,7,En riesgo
CUST420,344,1,2000,1,3,5,135,9,En riesgo
CUST421,365,1,1500,1,3,5,135,9,En riesgo
CUST422,196,1,90,3,3,2,332,8,Cliente leal
CUST423,300,1,25,1,3,1,131,5,En riesgo
CUST424,40,1,1200,5,3,5,535,13,Cliente leal
CUST425,232,1,120,2,3,3,233,8,En riesgo
CUST426,284,1,150,2,3,3,233,8,En riesgo
CUST427,140,1,25,4,3,1,431,8,Cliente leal
CUST428,84,1,200,4,3,3,433,10,Cliente leal
CUST429,5,1,50,5,3,1,531,9,Cliente leal
CUST430,148,1,900,3,3,4,334,10,Cliente leal
CUST431,79,1,1200,4,3,5,435,12,Cliente leal
CUST432,362,1,1000,1,3,4,134,8,En riesgo
CUST433,309,1,200,1,3,3,133,7,En riesgo
CUST434,328,1,50,1,3,1,131,5,En riesgo
CUST435,13,1,900,5,3,4,534,12,Cliente leal
CUST436,290,1,120,1,3,3,133,7,En riesgo
CUST437,87,1,1200,4,3,5,435,12,Cliente leal
CUST438,348,1,30,1,3,1,131,5,En riesgo
CUST439,177,1,75,3,3,2,332,8,Cliente leal
CUST440,68,1,600,5,3,4,534,12,Cliente leal
CUST441,84,1,1200,4,3,5,435,12,Cliente leal
CUST442,291,1,100,1,3,2,132,6,En riesgo
CUST443,146,1,600,4,3,4,434,11,Cliente leal
CUST444,301,1,90,1,3,2,132,6,En riesgo
CUST445,345,1,300,1,3,4,134,8,En riesgo
CUST446,209,1,50,3,3,1,331,7,Cliente leal
CUST447,180,1,2000,3,3,5,335,11,Cliente leal
CUST448,346,1,60,1,3,2,132,6,En riesgo
CUST449,183,1,200,3,3,3,333,9,Cliente leal
CUST450,259,1,50,2,3,1,231,6,En riesgo
CUST451,17,1,30,5,3,1,531,9,Cliente leal
CUST452,239,1,1500,2,3,5,235,10,En riesgo
CUST453,25,1,1000,5,3,4,534,12,Cliente leal
CUST454,314,1,25,1,3,1,131,5,En riesgo
CUST455,185,1,100,3,3,2,332,8,Cliente leal
CUST456,80,1,60,4,3,2,432,9,Cliente leal
CUST457,158,1,900,3,3,4,334,10,Cliente leal
CUST458,49,1,100,5,3,2,532,10,Cliente leal
CUST459,287,1,1200,2,3,5,235,10,En riesgo
CUST460,245,1,50,2,3,1,231,6,En riesgo
CUST461,283,1,1000,2,3,4,234,9,En riesgo
CUST462,276,1,1200,2,3,5,235,10,En riesgo
CUST463,155,1,1500,3,3,5,335,11,Cliente leal
CUST464,354,1,600,1,3,4,134,8,En riesgo
CUST465,275,1,150,2,3,3,233,8,En riesgo
CUST466,196,1,100,3,3,2,332,8,Cliente leal
CUST467,156,1,150,3,3,3,333,9,Cliente leal
CUST468,24,1,25,5,3,1,531,9,Cliente leal
CUST469,239,1,75,2,3,2,232,7,En riesgo
CUST470,230,1,1000,2,3,4,234,9,En riesgo
CUST471,285,1,150,2,3,3,233,8,En riesgo
CUST472,7,1,900,5,3,4,534,12,Cliente leal
CUST473,311,1,50,1,3,1,131,5,En riesgo
CUST474,171,1,1500,3,3,5,335,11,Cliente leal
CUST475,347,1,75,1,3,2,132,6,En riesgo
CUST476,126,1,2000,4,3,5,435,12,Cliente leal
CUST477,253,1,120,2,3,3,233,8,En riesgo
CUST478,264,1,60,2,3,2,232,7,En riesgo
CUST479,131,1,1200,4,3,5,435,12,Cliente leal
CUST480,187,1,2000,3,3,5,335,11,Cliente leal
CUST481,210,1,1200,3,3,5,335,11,Cliente leal
CUST482,250,1,1200,2,3,5,235,10,En riesgo
CUST483,252,1,30,2,3,1,231,6,En riesgo
CUST484,354,1,1200,1,3,5,135,9,En riesgo
CUST485,29,1,30,5,3,1,531,9,Cliente leal
CUST486,268,1,25,2,3,1,231,6,En riesgo
CUST487,162,1,2000,3,3,5,335,11,Cliente leal
CUST488,198,1,900,3,3,4,334,10,Cliente leal
CUST489,224,1,30,3,3,1,331,7,Cliente leal
CUST490,331,1,150,1,3,3,133,7,En riesgo
CUST491,224,1,900,3,3,4,334,10,Cliente leal
CUST492,187,1,100,3,3,2,332,8,Cliente leal
CUST493,38,1,50,5,3,1,531,9,Cliente leal
CUST494,106,1,200,4,3,3,433,10,Cliente leal
CUST495,162,1,60,3,3,2,332,8,Cliente leal
CUST496,19,1,600,5,3,4,534,12,Cliente leal
CUST497,92,1,120,4,3,3,433,10,Cliente leal
CUST498,197,1,100,3,3,2,332,8,Cliente leal
CUST499,352,1,60,1,3,2,132,6,En riesgo
CUST500,307,1,100,1,3,2,132,6,En riesgo
CUST501,233,1,60,2,3,2,232,7,En riesgo
CUST502,275,1,150,2,3,3,233,8,En riesgo
CUST503,69,1,2000,5,3,5,535,13,Cliente leal
CUST504,231,1,150,2,3,3,233,8,En riesgo
CUST505,347,1,50,1,3,1,131,5,En riesgo
CUST506,311,1,1500,1,3,5,135,9,En riesgo
CUST507,61,1,1500,5,3,5,535,13,Cliente leal
CUST508,144,1,600,4,3,4,434,11,Cliente leal
CUST509,190,1,900,3,3,4,334,10,Cliente leal
CUST510,206,1,200,3,3,3,333,9,Cliente leal
CUST511,143,1,100,4,3,2,432,9,Cliente leal
CUST512,56,1,25,5,3,1,531,9,Cliente leal
CUST513,105,1,100,4,3,2,432,9,Cliente leal
CUST514,307,1,300,1,3,4,134,8,En riesgo
CUST515,169,1,900,3,3,4,334,10,Cliente leal
CUST516,71,1,100,5,3,2,532,10,Cliente leal
CUST517,269,1,100,2,3,2,232,7,En riesgo
CUST518,236,1,30,2,3,1,231,6,En riesgo
CUST519,344,1,120,1,3,3,133,7,En riesgo
CUST520,4,1,100,5,3,2,532,10,Cliente leal
CUST521,143,1,120,4,3,3,433,10,Cliente leal
CUST522,366,1,1500,1,3,5,135,9,En riesgo
CUST523,100,1,300,4,3,4,434,11,Cliente leal
CUST524,91,1,1200,4,3,5,435,12,Cliente leal
CUST525,15,1,50,5,3,1,531,9,Cliente leal
CUST526,23,1,100,5,3,2,532,10,Cliente leal
CUST527,266,1,50,2,3,1,231,6,En riesgo
CUST528,180,1,60,3,3,2,332,8,Cliente leal
CUST529,146,1,150,4,3,3,433,10,Cliente leal
CUST530,331,1,120,1,3,3,133,7,En riesgo
CUST531,26,1,500,5,3,4,534,12,Cliente leal
CUST532,197,1,120,3,3,3,333,9,Cliente leal
CUST533,47,1,1500,5,3,5,535,13,Cliente leal
CUST534,206,1,1000,3,3,4,334,10,Cliente leal
CUST535,27,1,90,5,3,2,532,10,Cliente leal
CUST536,303,1,120,1,3,3,133,7,En riesgo
CUST537,213,1,500,3,3,4,334,10,Cliente leal
CUST538,107,1,150,4,3,3,433,10,Cliente leal
CUST539,208,1,500,3,3,4,334,10,Cliente leal
CUST540,25,1,900,5,3,4,534,12,Cliente leal
CUST541,157,1,500,3,3,4,334,10,Cliente leal
CUST542,199,1,50,3,3,1,331,7,Cliente leal
CUST543,160,1,600,3,3,4,334,10,Cliente leal
CUST544,10,1,25,5,3,1,531,9,Cliente leal
CUST545,215,1,50,3,3,1,331,7,Cliente leal
CUST546,83,1,200,4,3,3,433,10,Cliente leal
CUST547,301,1,2000,1,3,5,135,9,En riesgo
CUST548,268,1,60,2,3,2,232,7,En riesgo
CUST549,151,1,100,3,3,2,332,8,Cliente leal
CUST550,26,1,900,5,3,4,534,12,Cliente leal
CUST551,172,1,900,3,3,4,334,10,Cliente leal
CUST552,20,1,75,5,3,2,532,10,Cliente leal
CUST553,277,1,1200,2,3,5,235,10,En riesgo
CUST554,51,1,150,5,3,3,533,11,Cliente leal
CUST555,75,1,300,4,3,4,434,11,Cliente leal
CUST556,212,1,50,3,3,1,331,7,Cliente leal
CUST557,159,1,90,3,3,2,332,8,Cliente leal
CUST558,86,1,25,4,3,1,431,8,Cliente leal
CUST559,366,1,1200,1,3,5,135,9,En riesgo
CUST560,211,1,50,3,3,1,331,7,Cliente leal
CUST561,220,1,2000,3,3,5,335,11,Cliente leal
CUST562,259,1,50,2,3,1,231,6,En riesgo
CUST563,146,1,60,4,3,2,432,9,Cliente leal
CUST564,70,1,100,5,3,2,532,10,Cliente leal
CUST565,56,1,60,5,3,2,532,10,Cliente leal
CUST566,31,1,30,5,3,1,531,9,Cliente leal
CUST567,202,1,900,3,3,4,334,10,Cliente leal
CUST568,128,1,300,4,3,4,434,11,Cliente leal
CUST569,140,1,200,4,3,3,433,10,Cliente leal
CUST570,140,1,500,4,3,4,434,11,Cliente leal
CUST571,21,1,50,5,3,1,531,9,Cliente leal
CUST572,257,1,2000,2,3,5,235,10,En riesgo
CUST573,105,1,60,4,3,2,432,9,Cliente leal
CUST574,124,1,50,4,3,1,431,8,Cliente leal
CUST575,280,1,100,2,3,2,232,7,En riesgo
CUST576,29,1,150,5,3,3,533,11,Cliente leal
CUST577,323,1,2000,1,3,5,135,9,En riesgo
CUST578,221,1,120,3,3,3,333,9,Cliente leal
CUST579,103,1,30,4,3,1,431,8,Cliente leal
CUST580,27,1,1500,5,3,5,535,13,Cliente leal
CUST581,42,1,60,5,3,2,532,10,Cliente leal
CUST582,49,1,900,5,3,4,534,12,Cliente leal
CUST583,195,1,100,3,3,2,332,8,Cliente leal
CUST584,319,1,200,1,3,3,133,7,En riesgo
CUST585,246,1,25,2,3,1,231,6,En riesgo
CUST586,22,1,50,5,3,1,531,9,Cliente leal
CUST587,208,1,1200,3,3,5,335,11,Cliente leal
CUST588,251,1,60,2,3,2,232,7,En riesgo
CUST589,265,1,1000,2,3,4,234,9,En riesgo
CUST590,291,1,900,1,3,4,134,8,En riesgo
CUST591,354,1,100,1,3,2,132,6,En riesgo
CUST592,343,1,2000,1,3,5,135,9,En riesgo
CUST593,241,1,60,2,3,2,232,7,En riesgo
CUST594,123,1,600,4,3,4,434,11,Cliente leal
CUST595,54,1,2000,5,3,5,535,13,Cliente leal
CUST596,329,1,300,1,3,4,134,8,En riesgo
CUST597,133,1,1200,4,3,5,435,12,Cliente leal
CUST598,154,1,120,3,3,3,333,9,Cliente leal
CUST599,44,1,100,5,3,2,532,10,Cliente leal
CUST600,72,1,1000,5,4,4,544,13,Campeon
CUST601,267,1,30,2,4,1,241,7,En riesgo
CUST602,10,1,300,5,4,4,544,13,Campeon
CUST603,170,1,90,3,4,2,342,9,Cliente leal
CUST604,113,1,200,4,4,3,443,11,Cliente leal
CUST605,162,1,1000,3,4,4,344,11,Cliente leal
CUST606,242,1,50,2,4,1,241,7,En riesgo
CUST607,291,1,75,1,4,2,142,7,En riesgo
CUST608,31,1,1500,5,4,5,545,14,Campeon
CUST609,14,1,100,5,4,2,542,11,Cliente leal
CUST610,364,1,600,1,4,4,144,9,En riesgo
CUST611,312,1,1500,1,4,5,145,10,En riesgo
CUST612,149,1,500,3,4,4,344,11,Cliente leal
CUST613,254,1,90,2,4,2,242,8,En riesgo
CUST614,276,1,1200,2,4,5,245,11,En riesgo
CUST615,10,1,100,5,4,2,542,11,Cliente leal
CUST616,101,1,100,4,4,2,442,10,Cliente leal
CUST617,129,1,30,4,4,1,441,9,Cliente leal
CUST618,341,1,50,1,4,1,141,6,En riesgo
CUST619,81,1,100,4,4,2,442,10,Cliente leal
CUST620,239,1,75,2,4,2,242,8,En riesgo
CUST621,304,1,1000,1,4,4,144,9,En riesgo
CUST622,133,1,75,4,4,2,442,10,Cliente leal
CUST623,298,1,150,1,4,3,143,8,En riesgo
CUST624,129,1,900,4,4,4,444,12,Campeon
CUST625,25,1,300,5,4,4,544,13,Campeon
CUST626,95,1,2000,4,4,5,445,13,Campeon
CUST627,80,1,50,4,4,1,441,9,Cliente leal
CUST628,62,1,200,5,4,3,543,12,Cliente leal
CUST629,204,1,50,3,4,1,341,8,Cliente leal
CUST630,140,1,100,4,4,2,442,10,Cliente leal
CUST631,53,1,90,5,4,2,542,11,Cliente leal
CUST632,108,1,100,4,4,2,442,10,Cliente leal
CUST633,148,1,120,3,4,3,343,10,Cliente leal
CUST634,86,1,2000,4,4,5,445,13,Campeon
CUST635,138,1,900,4,4,4,444,12,Campeon
CUST636,285,1,1500,2,4,5,245,11,En riesgo
CUST637,123,1,600,4,4,4,444,12,Campeon
CUST638,136,1,500,4,4,4,444,12,Campeon
CUST639,234,1,200,2,4,3,243,9,En riesgo
CUST640,240,1,120,2,4,3,243,9,En riesgo
CUST641,40,1,300,5,4,4,544,13,Campeon
CUST642,225,1,100,2,4,2,242,8,En riesgo
CUST643,100,1,90,4,4,2,442,10,Cliente leal
CUST644,118,1,75,4,4,2,442,10,Cliente leal
CUST645,46,1,120,5,4,3,543,12,Cliente leal
CUST646,244,1,90,2,4,2,242,8,En riesgo
CUST647,226,1,1500,2,4,5,245,11,En riesgo
CUST648,141,1,1200,4,4,5,445,13,Campeon
CUST649,327,1,600,1,4,4,144,9,En riesgo
CUST650,1,1,30,5,4,1,541,10,Cliente leal
CUST651,220,1,150,3,4,3,343,10,Cliente leal
CUST652,246,1,100,2,4,2,242,8,En riesgo
CUST653,227,1,75,2,4,2,242,8,En riesgo
CUST654,195,1,75,3,4,2,342,9,Cliente leal
CUST655,203,1,500,3,4,4,344,11,Cliente leal
CUST656,90,1,90,4,4,2,442,10,Cliente leal
CUST657,325,1,25,1,4,1,141,6,En riesgo
CUST658,296,1,25,1,4,1,141,6,En riesgo
CUST659,289,1,30,2,4,1,241,7,En riesgo
CUST660,248,1,1000,2,4,4,244,10,En riesgo
CUST661,170,1,100,3,4,2,342,9,Cliente leal
CUST662,11,1,1000,5,4,4,544,13,Campeon
CUST663,288,1,1200,2,4,5,245,11,En riesgo
CUST664,5,1,2000,5,4,5,545,14,Campeon
CUST665,257,1,50,2,4,1,241,7,En riesgo
CUST666,334,1,150,1,4,3,143,8,En riesgo
CUST667,154,1,500,3,4,4,344,11,Cliente leal
CUST668,158,1,150,3,4,3,343,10,Cliente leal
CUST669,197,1,1200,3,4,5,345,12,Cliente leal
CUST670,89,1,30,4,4,1,441,9,Cliente leal
CUST671,128,1,150,4,4,3,443,11,Cliente leal
CUST672,154,1,100,3,4,2,342,9,Cliente leal
CUST673,335,1,1500,1,4,5,145,10,En riesgo
CUST674,261,1,300,2,4,4,244,10,En riesgo
CUST675,151,1,60,3,4,2,342,9,Cliente leal
CUST676,167,1,1500,3,4,5,345,12,Cliente leal
CUST677,67,1,1500,5,4,5,545,14,Campeon
CUST678,10,1,900,5,4,4,544,13,Campeon
CUST679,356,1,90,1,4,2,142,7,En riesgo
CUST680,72,1,900,5,4,4,544,13,Campeon
CUST681,172,1,60,3,4,2,342,9,Cliente leal
CUST682,122,1,1200,4,4,5,445,13,Campeon
CUST683,363,1,1000,1,4,4,144,9,En riesgo
CUST684,186,1,1000,3,4,4,344,11,Cliente leal
CUST685,214,1,50,3,4,1,341,8,Cliente leal
CUST686,167,1,200,3,4,3,343,10,Cliente leal
CUST687,152,1,300,3,4,4,344,11,Cliente leal
CUST688,91,1,100,4,4,2,442,10,Cliente leal
CUST689,87,1,100,4,4,2,442,10,Cliente leal
CUST690,58,1,900,5,4,4,544,13,Campeon
CUST691,254,1,90,2,4,2,242,8,En riesgo
CUST692,117,1,100,4,4,2,442,10,Cliente leal
CUST693,254,1,1500,2,4,5,245,11,En riesgo
CUST694,227,1,50,2,4,1,241,7,En riesgo
CUST695,143,1,150,4,4,3,443,11,Cliente leal
CUST696,118,1,200,4,4,3,443,11,Cliente leal
CUST697,352,1,500,1,4,4,144,9,En riesgo
CUST698,167,1,300,3,4,4,344,11,Cliente leal
CUST699,194,1,120,3,4,3,343,10,Cliente leal
CUST700,24,1,2000,5,4,5,545,14,Campeon
CUST701,19,1,60,5,4,2,542,11,Cliente leal
CUST702,159,1,600,3,4,4,344,11,Cliente leal
CUST703,282,1,100,2,4,2,242,8,En riesgo
CUST704,127,1,90,4,4,2,442,10,Cliente leal
CUST705,301,1,50,1,4,1,141,6,En riesgo
CUST706,48,1,100,5,4,2,542,11,Cliente leal
CUST707,93,1,500,4,4,4,444,12,Campeon
CUST708,353,1,900,1,4,4,144,9,En riesgo
CUST709,165,1,1000,3,4,4,344,11,Cliente leal
CUST710,63,1,1500,5,4,5,545,14,Campeon
CUST711,78,1,1500,4,4,5,445,13,Campeon
CUST712,27,1,50,5,4,1,541,10,Cliente leal
CUST713,353,1,75,1,4,2,142,7,En riesgo
CUST714,324,1,500,1,4,4,144,9,En riesgo
CUST715,37,1,100,5,4,2,542,11,Cliente leal
CUST716,147,1,1200,4,4,5,445,13,Campeon
CUST717,297,1,500,1,4,4,144,9,En riesgo
CUST718,130,1,75,4,4,2,442,10,Cliente leal
CUST719,273,1,60,2,4,2,242,8,En riesgo
CUST720,341,1,1500,1,4,5,145,10,En riesgo
CUST721,233,1,500,2,4,4,244,10,En riesgo
CUST722,172,1,900,3,4,4,344,11,Cliente leal
CUST723,199,1,200,3,4,3,343,10,Cliente leal
CUST724,258,1,150,2,4,3,243,9,En riesgo
CUST725,134,1,300,4,4,4,444,12,Campeon
CUST726,199,1,1200,3,4,5,345,12,Cliente leal
CUST727,194,1,900,3,4,4,344,11,Cliente leal
CUST728,172,1,150,3,4,3,343,10,Cliente leal
CUST729,224,1,1200,3,4,5,345,12,Cliente leal
CUST730,151,1,50,3,4,1,341,8,Cliente leal
CUST731,237,1,2000,2,4,5,245,11,En riesgo
CUST732,325,1,1000,1,4,4,144,9,En riesgo
CUST733,126,1,30,4,4,1,441,9,Cliente leal
CUST734,357,1,30,1,4,1,141,6,En riesgo
CUST735,90,1,2000,4,4,5,445,13,Campeon
CUST736,340,1,100,1,4,2,142,7,En riesgo
CUST737,187,1,50,3,4,1,341,8,Cliente leal
CUST738,252,1,100,2,4,2,242,8,En riesgo
CUST739,34,1,25,5,4,1,541,10,Cliente leal
CUST740,331,1,200,1,4,3,143,8,En riesgo
CUST741,33,1,300,5,4,4,544,13,Campeon
CUST742,346,1,2000,1,4,5,145,10,En riesgo
CUST743,351,1,2000,1,4,5,145,10,En riesgo
CUST744,240,1,25,2,4,1,241,7,En riesgo
CUST745,264,1,100,2,4,2,242,8,En riesgo
CUST746,356,1,90,1,4,2,142,7,En riesgo
CUST747,48,1,30,5,4,1,541,10,Cliente leal
CUST748,288,1,150,2,4,3,243,9,En riesgo
CUST749,244,1,30,2,4,1,241,7,En riesgo
CUST750,302,1,75,1,4,2,142,7,En riesgo
CUST751,124,1,50,4,4,1,441,9,Cliente leal
CUST752,24,1,100,5,4,2,542,11,Cliente leal
CUST753,308,1,30,1,4,1,141,6,En riesgo
CUST754,78,1,100,4,4,2,442,10,Cliente leal
CUST755,255,1,75,2,4,2,242,8,En riesgo
CUST756,128,1,1200,4,4,5,445,13,Campeon
CUST757,8,1,1200,5,4,5,545,14,Campeon
CUST758,235,1,100,2,4,2,242,8,En riesgo
CUST759,178,1,100,3,4,2,342,9,Cliente leal
CUST760,281,1,500,2,4,4,244,10,En riesgo
CUST761,56,1,500,5,4,4,544,13,Campeon
CUST762,56,1,50,5,4,1,541,10,Cliente leal
CUST763,308,1,50,1,4,1,141,6,En riesgo
CUST764,283,1,25,2,4,1,241,7,En riesgo
CUST765,207,1,200,3,4,3,343,10,Cliente leal
CUST766,311,1,900,1,4,4,144,9,En riesgo
CUST767,70,1,75,5,4,2,542,11,Cliente leal
CUST768,353,1,75,1,4,2,142,7,En riesgo
CUST769,207,1,120,3,4,3,343,10,Cliente leal
CUST770,72,1,50,5,4,1,541,10,Cliente leal
CUST771,20,1,50,5,4,1,541,10,Cliente leal
CUST772,174,1,30,3,4,1,341,8,Cliente leal
CUST773,163,1,2000,3,4,5,345,12,Cliente leal
CUST774,265,1,50,2,4,1,241,7,En riesgo
CUST775,328,1,100,1,4,2,142,7,En riesgo
CUST776,63,1,90,5,4,2,542,11,Cliente leal
CUST777,13,1,150,5,4,3,543,12,Cliente leal
CUST778,45,1,100,5,4,2,542,11,Cliente leal
CUST779,242,1,1000,2,4,4,244,10,En riesgo
CUST780,314,1,50,1,4,1,141,6,En riesgo
CUST781,10,1,500,5,4,4,544,13,Campeon
CUST782,212,1,900,3,4,4,344,11,Cliente leal
CUST783,16,1,300,5,4,4,544,13,Campeon
CUST784,59,1,500,5,4,4,544,13,Campeon
CUST785,305,1,200,1,4,3,143,8,En riesgo
CUST786,77,1,100,4,4,2,442,10,Cliente leal
CUST787,345,1,25,1,4,1,141,6,En riesgo
CUST788,189,1,900,3,4,4,344,11,Cliente leal
CUST789,94,1,2000,4,4,5,445,13,Campeon
CUST790,147,1,25,4,4,1,441,9,Cliente leal
CUST791,28,1,25,5,4,1,541,10,Cliente leal
CUST792,177,1,50,3,4,1,341,8,Cliente leal
CUST793,331,1,30,1,4,1,141,6,En riesgo
CUST794,107,1,300,4,4,4,444,12,Campeon
CUST795,35,1,300,5,4,4,544,13,Campeon
CUST796,192,1,120,3,4,3,343,10,Cliente leal
CUST797,360,1,75,1,4,2,142,7,En riesgo
CUST798,151,1,50,3,4,1,341,8,Cliente leal
CUST799,116,1,100,4,4,2,442,10,Cliente leal
CUST800,312,1,1200,1,5,5,155,11,En riesgo
CUST801,145,1,200,4,5,3,453,12,Cliente leal
CUST802,181,1,30,3,5,1,351,9,Cliente leal
CUST803,41,1,100,5,5,2,552,12,Cliente leal
CUST804,131,1,30,4,5,1,451,10,Cliente leal
CUST805,4,1,1500,5,5,5,555,15,Campeon
CUST806,288,1,900,2,5,4,254,11,En riesgo
CUST807,144,1,200,4,5,3,453,12,Cliente leal
CUST808,276,1,2000,2,5,5,255,12,En riesgo
CUST809,99,1,100,4,5,2,452,11,Cliente leal
CUST810,33,1,100,5,5,2,552,12,Cliente leal
CUST811,228,1,50,2,5,1,251,8,En riesgo
CUST812,51,1,75,5,5,2,552,12,Cliente leal
CUST813,91,1,150,4,5,3,453,12,Cliente leal
CUST814,119,1,500,4,5,4,454,13,Campeon
CUST815,128,1,75,4,5,2,452,11,Cliente leal
CUST816,143,1,1000,4,5,4,454,13,Campeon
CUST817,63,1,200,5,5,3,553,13,Cliente leal
CUST818,229,1,500,2,5,4,254,11,En riesgo
CUST819,201,1,100,3,5,2,352,10,Cliente leal
CUST820,241,1,200,2,5,3,253,10,En riesgo
CUST821,322,1,300,1,5,4,154,10,En riesgo
CUST822,224,1,150,3,5,3,353,11,Cliente leal
CUST823,136,1,100,4,5,2,452,11,Cliente leal
CUST824,242,1,120,2,5,3,253,10,En riesgo
CUST825,129,1,25,4,5,1,451,10,Cliente leal
CUST826,75,1,300,4,5,4,454,13,Campeon
CUST827,54,1,900,5,5,4,554,14,Campeon
CUST828,24,1,1200,5,5,5,555,15,Campeon
CUST829,172,1,90,3,5,2,352,10,Cliente leal
CUST830,194,1,150,3,5,3,353,11,Cliente leal
CUST831,352,1,100,1,5,2,152,8,En riesgo
CUST832,113,1,2000,4,5,5,455,14,Campeon
CUST833,200,1,200,3,5,3,353,11,Cliente leal
CUST834,273,1,60,2,5,2,252,9,En riesgo
CUST835,117,1,200,4,5,3,453,12,Cliente leal
CUST836,258,1,50,2,5,1,251,8,En riesgo
CUST837,185,1,90,3,5,2,352,10,Cliente leal
CUST838,234,1,600,2,5,4,254,11,En riesgo
CUST839,192,1,1200,3,5,5,355,13,Cliente leal
CUST840,223,1,50,3,5,1,351,9,Cliente leal
CUST841,61,1,100,5,5,2,552,12,Cliente leal
CUST842,7,1,600,5,5,4,554,14,Campeon
CUST843,225,1,1500,2,5,5,255,12,En riesgo
CUST844,82,1,150,4,5,3,453,12,Cliente leal
CUST845,361,1,500,1,5,4,154,10,En riesgo
CUST846,102,1,50,4,5,1,451,10,Cliente leal
CUST847,269,1,1200,2,5,5,255,12,En riesgo
CUST848,323,1,75,1,5,2,152,8,En riesgo
CUST849,243,1,50,2,5,1,251,8,En riesgo
CUST850,158,1,1000,3,5,4,354,12,Cliente leal
CUST851,116,1,50,4,5,1,451,10,Cliente leal
CUST852,82,1,300,4,5,4,454,13,Campeon
CUST853,243,1,1000,2,5,4,254,11,En riesgo
CUST854,13,1,50,5,5,1,551,11,Cliente leal
CUST855,123,1,25,4,5,1,451,10,Cliente leal
CUST856,36,1,120,5,5,3,553,13,Cliente leal
CUST857,2,1,50,5,5,1,551,11,Cliente leal
CUST858,115,1,100,4,5,2,452,11,Cliente leal
CUST859,137,1,1500,4,5,5,455,14,Campeon
CUST860,358,1,200,1,5,3,153,9,En riesgo
CUST861,319,1,90,1,5,2,152,8,En riesgo
CUST862,216,1,1200,3,5,5,355,13,Cliente leal
CUST863,253,1,50,2,5,1,251,8,En riesgo
CUST864,159,1,500,3,5,4,354,12,Cliente leal
CUST865,12,1,300,5,5,4,554,14,Campeon
CUST866,242,1,50,2,5,1,251,8,En riesgo
CUST867,210,1,500,3,5,4,354,12,Cliente leal
CUST868,27,1,300,5,5,4,554,14,Campeon
CUST869,69,1,1500,5,5,5,555,15,Campeon
CUST870,178,1,120,3,5,3,353,11,Cliente leal
CUST871,124,1,60,4,5,2,452,11,Cliente leal
CUST872,83,1,75,4,5,2,452,11,Cliente leal
CUST873,95,1,100,4,5,2,452,11,Cliente leal
CUST874,190,1,30,3,5,1,351,9,Cliente leal
CUST875,149,1,2000,3,5,5,355,13,Cliente leal
CUST876,85,1,120,4,5,3,453,12,Cliente leal
CUST877,197,1,25,3,5,1,351,9,Cliente leal
CUST878,186,1,30,3,5,1,351,9,Cliente leal
CUST879,7,1,30,5,5,1,551,11,Cliente leal
CUST880,134,1,1000,4,5,4,454,13,Campeon
CUST881,228,1,300,2,5,4,254,11,En riesgo
CUST882,210,1,50,3,5,1,351,9,Cliente leal
CUST883,238,1,500,2,5,4,254,11,En riesgo
CUST884,248,1,60,2,5,2,252,9,En riesgo
CUST885,305,1,120,1,5,3,153,9,En riesgo
CUST886,268,1,900,2,5,4,254,11,En riesgo
CUST887,205,1,100,3,5,2,352,10,Cliente leal
CUST888,305,1,100,1,5,2,152,8,En riesgo
CUST889,92,1,50,4,5,1,451,10,Cliente leal
CUST890,13,1,50,5,5,1,551,11,Cliente leal
CUST891,272,1,900,2,5,4,254,11,En riesgo
CUST892,268,1,50,2,5,1,251,8,En riesgo
CUST893,256,1,50,2,5,1,251,8,En riesgo
CUST894,119,1,30,4,5,1,451,10,Cliente leal
CUST895,225,1,120,2,5,3,253,10,En riesgo
CUST896,65,1,50,5,5,1,551,11,Cliente leal
CUST897,98,1,100,4,5,2,452,11,Cliente leal
CUST898,61,1,90,5,5,2,552,12,Cliente leal
CUST899,222,1,600,3,5,4,354,12,Cliente leal
CUST900,315,1,60,1,5,2,152,8,En riesgo
CUST901,267,1,30,2,5,1,251,8,En riesgo
CUST902,215,1,50,3,5,1,351,9,Cliente leal
CUST903,250,1,200,2,5,3,253,10,En riesgo
CUST904,182,1,500,3,5,4,354,12,Cliente leal
CUST905,275,1,300,2,5,4,254,11,En riesgo
CUST906,212,1,50,3,5,1,351,9,Cliente leal
CUST907,359,1,25,1,5,1,151,7,En riesgo
CUST908,4,1,1200,5,5,5,555,15,Campeon
CUST909,93,1,300,4,5,4,454,13,Campeon
CUST910,302,1,150,1,5,3,153,9,En riesgo
CUST911,226,1,900,2,5,4,254,11,En riesgo
CUST912,343,1,150,1,5,3,153,9,En riesgo
CUST913,339,1,90,1,5,2,152,8,En riesgo
CUST914,83,1,500,4,5,4,454,13,Campeon
CUST915,217,1,90,3,5,2,352,10,Cliente leal
CUST916,9,1,50,5,5,1,551,11,Cliente leal
CUST917,302,1,200,1,5,3,153,9,En riesgo
CUST918,40,1,90,5,5,2,552,12,Cliente leal
CUST919,115,1,50,4,5,1,451,10,Cliente leal
CUST920,314,1,75,1,5,2,152,8,En riesgo
CUST921,360,1,75,1,5,2,152,8,En riesgo
CUST922,73,1,50,4,5,1,451,10,Cliente leal
CUST923,221,1,900,3,5,4,354,12,Cliente leal
CUST924,126,1,100,4,5,2,452,11,Cliente leal
CUST925,121,1,300,4,5,4,454,13,Campeon
CUST926,141,1,30,4,5,1,451,10,Cliente leal
CUST927,192,1,2000,3,5,5,355,13,Cliente leal
CUST928,272,1,1200,2,5,5,255,12,En riesgo
CUST929,340,1,75,1,5,2,152,8,En riesgo
CUST930,237,1,200,2,5,3,253,10,En riesgo
CUST931,122,1,120,4,5,3,453,12,Cliente leal
CUST932,308,1,100,1,5,2,152,8,En riesgo
CUST933,333,1,30,1,5,1,151,7,En riesgo
CUST934,161,1,500,3,5,4,354,12,Cliente leal
CUST935,115,1,50,4,5,1,451,10,Cliente leal
CUST936,329,1,200,1,5,3,153,9,En riesgo
CUST937,71,1,500,5,5,4,554,14,Campeon
CUST938,44,1,200,5,5,3,553,13,Cliente leal
CUST939,15,1,300,5,5,4,554,14,Campeon
CUST940,339,1,30,1,5,1,151,7,En riesgo
CUST941,289,1,50,2,5,1,251,8,En riesgo
CUST942,290,1,1500,1,5,5,155,11,En riesgo
CUST943,78,1,1200,4,5,5,455,14,Campeon
CUST944,211,1,50,3,5,1,351,9,Cliente leal
CUST945,323,1,25,1,5,1,151,7,En riesgo
CUST946,239,1,2000,2,5,5,255,12,En riesgo
CUST947,306,1,300,1,5,4,154,10,En riesgo
CUST948,81,1,75,4,5,2,452,11,Cliente leal
CUST949,153,1,50,3,5,1,351,9,Cliente leal
CUST950,56,1,900,5,5,4,554,14,Campeon
CUST951,61,1,100,5,5,2,552,12,Cliente leal
CUST952,50,1,25,5,5,1,551,11,Cliente leal
CUST953,251,1,90,2,5,2,252,9,En riesgo
CUST954,99,1,900,4,5,4,454,13,Campeon
CUST955,172,1,25,3,5,1,351,9,Cliente leal
CUST956,136,1,1500,4,5,5,455,14,Campeon
CUST957,140,1,120,4,5,3,453,12,Cliente leal
CUST958,214,1,50,3,5,1,351,9,Cliente leal
CUST959,65,1,60,5,5,2,552,12,Cliente leal
CUST960,147,1,60,4,5,2,452,11,Cliente leal
CUST961,210,1,200,3,5,3,353,11,Cliente leal
CUST962,75,1,60,4,5,2,452,11,Cliente leal
CUST963,49,1,50,5,5,1,551,11,Cliente leal
CUST964,336,1,900,1,5,4,154,10,En riesgo
CUST965,54,1,200,5,5,3,553,13,Cliente leal
CUST966,316,1,1000,1,5,4,154,10,En riesgo
CUST967,260,1,25,2,5,1,251,8,En riesgo
CUST968,46,1,900,5,5,4,554,14,Campeon
CUST969,258,1,900,2,5,4,254,11,En riesgo
CUST970,231,1,2000,2,5,5,255,12,En riesgo
CUST971,28,1,200,5,5,3,553,13,Cliente leal
CUST972,325,1,100,1,5,2,152,8,En riesgo
CUST973,286,1,50,2,5,1,251,8,En riesgo
CUST974,244,1,30,2,5,1,251,8,En riesgo
CUST975,278,1,200,2,5,3,253,10,En riesgo
CUST976,84,1,600,4,5,4,454,13,Campeon
CUST977,328,1,75,1,5,2,152,8,En riesgo
CUST978,286,1,150,2,5,3,253,10,En riesgo
CUST979,365,1,25,1,5,1,151,7,En riesgo
CUST980,157,1,75,3,5,2,352,10,Cliente leal
CUST981,136,1,60,4,5,2,452,11,Cliente leal
CUST982,14,1,90,5,5,2,552,12,Cliente leal
CUST983,62,1,300,5,5,4,554,14,Campeon
CUST984,126,1,500,4,5,4,454,13,Campeon
CUST985,217,1,50,3,5,1,351,9,Cliente leal
CUST986,350,1,1000,1,5,4,154,10,En riesgo
CUST987,248,1,900,2,5,4,254,11,En riesgo
CUST988,219,1,75,3,5,2,352,10,Cliente leal
CUST989,5,1,25,5,5,1,551,11,Cliente leal
CUST990,222,1,1000,3,5,4,354,12,Cliente leal
CUST991,7,1,100,5,5,2,552,12,Cliente leal
CUST992,134,1,60,4,5,2,452,11,Cliente leal
CUST993,330,1,150,1,5,3,153,9,En riesgo
CUST994,15,1,1000,5,5,4,554,14,Campeon
CUST995,247,1,30,2,5,1,251,8,En riesgo
CUST996,231,1,50,2,5,1,251,8,En riesgo
CUST997,46,1,90,5,5,2,552,12,Cliente leal
CUST998,65,1,100,5,5,2,552,12,Cliente leal
CUST999,28,1,150,5,5,3,553,13,Cliente leal
